"Season","","","","Date","","","","Units","Amount","Source",""
"FALL 2024","","","","07/01/24","","","","31","$480.50","AO",""
"FALL 2024","","","","07/06/24","","","","46","$641.70","AO",""
"FALL 2024","","","","07/08/24","","","","70","$1429.00","AO",""
"FALL 2024","","","","07/11/24","","","","15","$232.50","AO",""
"FALL 2024","","","","07/15/24","","","","99","$2203.97","AO",""
"FALL 2024","","","","07/16/24","","","","475","$21813.50","AO",""
"FALL 2024","","","","07/18/24","","","","38","$447.70","AO",""
"FALL 2024","","","","07/19/24","","","","36","$1101.60","AO",""
"FALL 2024","","","","07/21/24","","","","8","$124.00","AO",""
"FALL 2024","","","","07/24/24","","","","168","$2597.40","AO",""
"FALL 2024","","","","07/26/24","","","","276","$7258.94","AO",""
"FALL 2024","","","","07/29/24","","","","50","$733.95","AO",""
"FALL 2024","","","","07/30/24","","","","12","$498.00","AO",""
"FALL 2024","","","","08/05/24","","","","36","$1164.60","AO",""
"FALL 2024","","","","08/06/24","","","","40","$703.00","AO",""
"FALL 2024","","","","08/07/24","","","","627","$14834.25","AO",""
"FALL 2024","","","","08/09/24","","","","54","$689.50","AO",""
"FALL 2024","","","","08/11/24","","","","21","$871.50","AO",""
"FALL 2024","","","","08/12/24","","","","214","$4356.00","AO",""
"FALL 2024","","","","08/13/24","","","","334","$8278.36","AO",""
"FALL 2024","","","","08/14/24","","","","99","$1379.25","AO",""
"FALL 2024","","","","08/15/24","","","","202","$3898.50","AO",""
"FALL 2024","","","","08/16/24","","","","35","$1154.25","AO",""
"FALL 2024","","","","08/18/24","","","","4","$161.00","AO",""
"FALL 2024","","","","08/19/24","","","","195","$8822.40","AO",""
"FALL 2024","","","","08/20/24","","","","22","$879.40","AO",""
"FALL 2024","","","","08/22/24","","","","173","$6526.68","AO",""
"FALL 2024","","","","08/23/24","","","","1","$28.90","AO",""
"FALL 2024","","","","08/26/24","","","","280","$5696.90","AO",""
"FALL 2024","","","","08/28/24","","","","26","$765.00","AO",""
"FALL 2024","","","","08/29/24","","","","48","$792.00","AO",""
"FALL 2024","","","","08/31/24","","","","16","$704.00","AO",""
"FALL 2024","","","","09/02/24","","","","127","$4176.50","AO",""
"FALL 2024","","","","09/03/24","","","","555","$14295.99","AO",""
"FALL 2024","","","","09/05/24","","","","117","$4778.00","AO",""
"FALL 2024","","","","09/06/24","","","","66","$1634.70","AO",""
"FALL 2024","","","","09/08/24","","","","3","$124.50","AO",""
"FALL 2024","","","","09/09/24","","","","315","$8003.35","AO",""
"FALL 2024","","","","09/10/24","","","","90","$3723.25","AO",""
"FALL 2024","","","","09/12/24","","","","4","$115.60","AO",""
"FALL 2024","","","","09/13/24","","","","91","$3631.50","AO",""
"FALL 2024","","","","09/14/24","","","","26","$313.50","AO",""
"FALL 2024","","","","09/15/24","","","","39","$1465.50","AO",""
"FALL 2024","","","","09/17/24","","","","108","$4566.00","AO",""
"FALL 2024","","","","09/18/24","","","","108","$3987.00","AO",""
"FALL 2024","","","","09/19/24","","","","129","$4073.50","AO",""
"FALL 2024","","","","09/20/24","","","","156","$5705.60","AO",""
"FALL 2024","","","","09/21/24","","","","101","$2934.85","AO",""
"FALL 2024","","","","09/23/24","","","","150","$4813.24","AO",""
"FALL 2024","","","","09/25/24","","","","36","$1309.95","AO",""
"FALL 2024","","","","09/26/24","","","","213","$8122.69","AO",""
"FALL 2024","","","","09/27/24","","","","41","$1558.35","AO",""
"FALL 2024","","","","09/30/24","","","","108","$3467.54","AO",""
"FALL 2024","","","","10/01/24","","","","142","$5105.80","AO",""
"FALL 2024","","","","10/02/24","","","","14","$525.60","AO",""
"FALL 2024","","","","10/03/24","","","","37","$1262.64","AO",""
"FALL 2024","","","","10/04/24","","","","32","$1503.40","AO",""
"FALL 2024","","","","10/05/24","","","","31","$974.95","AO",""
"FALL 2024","","","","10/06/24","","","","17","$718.20","AO",""
"FALL 2024","","","","10/07/24","","","","46","$1706.65","AO",""
"FALL 2024","","","","10/08/24","","","","46","$1814.60","AO",""
"FALL 2024","","","","10/09/24","","","","58","$1809.19","AO",""
"FALL 2024","","","","10/10/24","","","","63","$2841.35","AO",""
"FALL 2024","","","","10/11/24","","","","211","$8306.34","AO",""
"FALL 2024","","","","10/13/24","","","","2","$83.70","AO",""
"FALL 2024","","","","10/14/24","","","","64","$2238.30","AO",""
"FALL 2024","","","","10/15/24","","","","73","$2598.75","AO",""
"FALL 2024","","","","10/16/24","","","","143","$4667.45","AO",""
"FALL 2024","","","","10/17/24","","","","59","$2342.40","AO",""
"FALL 2024","","","","10/18/24","","","","395","$14513.17","AO",""
"FALL 2024","","","","10/19/24","","","","35","$1289.25","AO",""
"FALL 2024","","","","10/21/24","","","","234","$8501.55","AO",""
"FALL 2024","","","","10/22/24","","","","16","$500.65","AO",""
"FALL 2024","","","","10/23/24","","","","14","$520.65","AO",""
"FALL 2024","","","","10/24/24","","","","14","$587.65","AO",""
"FALL 2024","","","","10/25/24","","","","14","$511.65","AO",""
"FALL 2024","","","","10/26/24","","","","65","$1338.60","AO",""
"FALL 2024","","","","10/27/24","","","","34","$1380.70","AO",""
"FALL 2024","","","","10/28/24","","","","61","$1905.70","AO",""
"FALL 2024","","","","10/29/24","","","","35","$1174.50","AO",""
"FALL 2024","","","","10/30/24","","","","91","$2670.30","AO",""
"FALL 2024","","","","10/31/24","","","","39","$762.30","AO",""
"FALL 2024","","","","11/01/24","","","","66","$1757.75","AO",""
"FALL 2024","","","","11/02/24","","","","28","$1049.20","AO",""
"FALL 2024","","","","11/04/24","","","","292","$11691.09","AO",""
"FALL 2024","","","","11/05/24","","","","23","$745.80","AO",""
"FALL 2024","","","","11/06/24","","","","158","$6007.65","AO",""
"FALL 2024","","","","11/07/24","","","","12","$772.20","AO",""
"FALL 2024","","","","11/08/24","","","","115","$4069.95","AO",""
"FALL 2024","","","","11/11/24","","","","3","$152.00","AO",""
"FALL 2024","","","","11/12/24","","","","34","$536.00","AO",""
"FALL 2024","","","","11/15/24","","","","64","$1835.14","AO",""
"FALL 2024","","","","11/16/24","","","","26","$843.90","AO",""
"FALL 2024","","","","11/17/24","","","","77","$3542.00","AO",""
"FALL 2024","","","","11/18/24","","","","85","$3005.69","AO",""
"FALL 2024","","","","11/19/24","","","","137","$3306.40","AO",""
"FALL 2024","","","","11/20/24","","","","122","$5317.24","AO",""
"FALL 2024","","","","11/21/24","","","","196","$7172.25","AO",""
"FALL 2024","","","","11/22/24","","","","20","$1070.00","AO",""
"FALL 2024","","","","11/24/24","","","","74","$1522.89","AO",""
"FALL 2024","","","","11/25/24","","","","374","$13119.30","AO",""
"FALL 2024","","","","11/29/24","","","","56","$2364.50","AO",""
"FALL 2024","","","","11/30/24","","","","1","$39.00","AO",""
"FALL 2024","","","","12/01/24","","","","156","$2667.90","AO",""
"FALL 2024","","","","12/02/24","","","","38","$594.35","AO",""
"FALL 2024","","","","12/03/24","","","","107","$2332.96","AO",""
"FALL 2024","","","","12/04/24","","","","62","$1639.90","AO",""
"FALL 2024","","","","12/05/24","","","","2","$118.00","AO",""
"FALL 2024","","","","12/06/24","","","","37","$703.00","AO",""
"FALL 2024","","","","12/07/24","","","","157","$3170.50","AO",""
"FALL 2024","","","","12/08/24","","","","120","$2681.50","AO",""
"FALL 2024","","","","12/09/24","","","","157","$2750.50","AO",""
"FALL 2024","","","","12/10/24","","","","74","$1205.00","AO",""
"FALL 2024","","","","12/11/24","","","","17","$497.50","AO",""
"FALL 2024","","","","12/12/24","","","","26","$1259.00","AO",""
"FALL 2024","","","","12/13/24","","","","9","$139.50","AO",""
"FALL 2024","","","","12/14/24","","","","7","$353.00","AO",""
"FALL 2024","","","","12/15/24","","","","90","$3529.00","AO",""
"FALL 2024","","","","12/16/24","","","","72","$3243.20","AO",""
"FALL 2024","","","","12/17/24","","","","100","$4408.00","AO",""
"FALL 2024","","","","12/19/24","","","","16","$616.50","AO",""
"FALL 2024","","","","12/22/24","","","","24","$724.00","AO",""
"FALL 2024","","","","12/23/24","","","","50","$3120.00","AO",""
"FALL 2024","","","","12/26/24","","","","7","$443.00","AO",""
"FALL 2024","","","","12/27/24","","","","1","$47.20","AO",""
"FALL 2024","","","","12/28/24","","","","3","$157.00","AO",""
"FALL 2024","","","","12/30/24","","","","59","$2206.80","AO",""
"FALL 2024","","","","12/31/24","","","","40","$456.17","AO",""
"FALL 2024","","","","01/03/25","","","","1","$49.00","AO",""
"FALL 2024","","","","01/04/25","","","","25","$400.50","AO",""
"FALL 2024","","","","01/06/25","","","","1","$59.00","AO",""
"FALL 2024","","","","01/10/25","","","","18","$874.50","AO",""
"FALL 2024","","","","01/11/25","","","","31","$748.50","AO",""
"FALL 2024","","","","01/14/25","","","","32","$1523.00","AO",""
"FALL 2024","","","","01/23/25","","","","3","$214.50","AO",""
"FALL 2024","","","","02/05/25","","","","6","$138.00","AO",""
"FALL 2024","","","","04/01/25","","","","16","$422.50","AO",""
"FALL 2024","","","","","","","","11946","$371638.28","",""
"FALL 2025","","","","07/06/25","","","","74","$1293.00","AO",""
"FALL 2025","","","","07/07/25","","","","2","$29.70","AO",""
"FALL 2025","","","","07/08/25","","","","355","$2617.50","AO",""
"FALL 2025","","","","07/10/25","","","","2","$82.00","AO",""
"FALL 2025","","","","07/11/25","","","","30","$536.60","AO",""
"FALL 2025","","","","07/12/25","","","","102","$2229.00","AO",""
"FALL 2025","","","","07/14/25","","","","991","$16372.70","AO",""
"FALL 2025","","","","07/15/25","","","","293","$5604.20","AO",""
"FALL 2025","","","","07/17/25","","","","125","$3099.50","AO",""
"FALL 2025","","","","07/18/25","","","","93","$2862.50","AO",""
"FALL 2025","","","","07/19/25","","","","8","$136.00","AO",""
"FALL 2025","","","","07/20/25","","","","449","$11296.50","AO",""
"FALL 2025","","","","07/21/25","","","","8","$241.20","AO",""
"FALL 2025","","","","07/22/25","","","","49","$1024.50","AO",""
"FALL 2025","","","","07/26/25","","","","50","$2507.50","AO",""
"FALL 2025","","","","07/27/25","","","","16","$536.00","AO",""
"FALL 2025","","","","07/28/25","","","","108","$2368.65","AO",""
"FALL 2025","","","","07/30/25","","","","194","$6536.70","AO",""
"FALL 2025","","","","07/31/25","","","","70","$1464.00","AO",""
"FALL 2025","","","","08/01/25","","","","15","$407.50","AO",""
"FALL 2025","","","","08/02/25","","","","57","$1123.50","AO",""
"FALL 2025","","","","08/03/25","","","","25","$659.50","AO",""
"FALL 2025","","","","08/04/25","","","","8","$132.00","AO",""
"FALL 2025","","","","08/05/25","","","","39","$946.50","AO",""
"FALL 2025","","","","08/06/25","","","","196","$3702.15","AO",""
"FALL 2025","","","","08/07/25","","","","144","$4453.90","AO",""
"FALL 2025","","","","08/08/25","","","","91","$2689.50","AO",""
"FALL 2025","","","","08/10/25","","","","65","$1157.50","AO",""
"FALL 2025","","","","08/11/25","","","","23","$663.20","AO",""
"FALL 2025","","","","08/12/25","","","","64","$1561.00","AO",""
"FALL 2025","","","","08/13/25","","","","188","$5177.20","AO",""
"FALL 2025","","","","08/14/25","","","","122","$4087.00","AO",""
"FALL 2025","","","","08/15/25","","","","40","$897.00","AO",""
"FALL 2025","","","","08/16/25","","","","8","$268.00","AO",""
"FALL 2025","","","","08/17/25","","","","10","$512.00","AO",""
"FALL 2025","","","","08/18/25","","","","23","$821.50","AO",""
"FALL 2025","","","","08/19/25","","","","120","$4552.95","AO",""
"FALL 2025","","","","08/20/25","","","","35","$1085.50","AO",""
"FALL 2025","","","","08/21/25","","","","138","$5212.20","AO",""
"FALL 2025","","","","08/22/25","","","","36","$314.00","AO",""
"FALL 2025","","","","08/24/25","","","","12","$688.00","AO",""
"FALL 2025","","","","08/25/25","","","","667","$16113.30","AO",""
"FALL 2025","","","","08/26/25","","","","266","$6553.00","AO",""
"FALL 2025","","","","08/27/25","","","","275","$8952.84","AO",""
"FALL 2025","","","","08/28/25","","","","152","$4098.60","AO",""
"FALL 2025","","","","08/29/25","","","","101","$3134.50","AO",""
"FALL 2025","","","","08/30/25","","","","25","$744.50","AO",""
"FALL 2025","","","","09/01/25","","","","5","$155.50","AO",""
"FALL 2025","","","","09/03/25","","","","98","$4148.00","AO",""
"FALL 2025","","","","09/04/25","","","","122","$3020.00","AO",""
"FALL 2025","","","","09/05/25","","","","16","$1088.00","AO",""
"FALL 2025","","","","09/06/25","","","","137","$4068.45","AO",""
"FALL 2025","","","","09/07/25","","","","4","$231.00","AO",""
"FALL 2025","","","","09/08/25","","","","305","$9940.05","AO",""
"FALL 2025","","","","09/09/25","","","","73","$2687.50","AO",""
"FALL 2025","","","","09/10/25","","","","19","$498.29","AO",""
"FALL 2025","","","","09/11/25","","","","176","$7243.00","AO",""
"FALL 2025","","","","09/12/25","","","","92","$3364.31","AO",""
"FALL 2025","","","","09/13/25","","","","259","$259.00","AO",""
"FALL 2025","","","","09/15/25","","","","375","$6658.27","AO",""
"FALL 2025","","","","09/16/25","","","","53","$1338.50","AO",""
"FALL 2025","","","","09/17/25","","","","677","$12175.83","AO",""
"FALL 2025","","","","09/18/25","","","","185","$5129.95","AO",""
"FALL 2025","","","","09/19/25","","","","231","$5498.78","AO",""
"FALL 2025","","","","09/20/25","","","","7","$297.50","AO",""
"FALL 2025","","","","09/21/25","","","","248","$4450.00","AO",""
"FALL 2025","","","","09/22/25","","","","71","$2584.50","AO",""
"FALL 2025","","","","09/23/25","","","","112","$1174.50","AO",""
"FALL 2025","","","","09/24/25","","","","91","$3112.29","AO",""
"FALL 2025","","","","09/26/25","","","","12","$419.00","AO",""
"FALL 2025","","","","09/27/25","","","","7","$507.50","AO",""
"FALL 2025","","","","09/29/25","","","","306","$9287.72","AO",""
"FALL 2025","","","","09/30/25","","","","78","$2340.00","AO",""
"FALL 2025","","","","10/01/25","","","","61","$2020.50","AO",""
"FALL 2025","","","","10/02/25","","","","77","$1321.50","AO",""
"FALL 2025","","","","10/03/25","","","","48","$1477.00","AO",""
"FALL 2025","","","","10/04/25","","","","5","$120.50","AO",""
"FALL 2025","","","","10/05/25","","","","37","$1051.50","AO",""
"FALL 2025","","","","10/06/25","","","","146","$5352.73","AO",""
"FALL 2025","","","","10/07/25","","","","8","$348.00","AO",""
"FALL 2025","","","","10/08/25","","","","71","$2238.51","AO",""
"FALL 2025","","","","10/09/25","","","","48","$1800.00","AO",""
"FALL 2025","","","","10/10/25","","","","109","$3292.50","AO",""
"FALL 2025","","","","10/11/25","","","","11","$424.50","AO",""
"FALL 2025","","","","10/12/25","","","","41","$1056.50","AO",""
"FALL 2025","","","","10/13/25","","","","248","$5665.50","AO",""
"FALL 2025","","","","10/14/25","","","","116","$2473.00","AO",""
"FALL 2025","","","","10/15/25","","","","74","$2493.00","AO",""
"FALL 2025","","","","10/16/25","","","","299","$5882.03","AO",""
"FALL 2025","","","","10/17/25","","","","49","$1478.50","AO",""
"FALL 2025","","","","10/18/25","","","","89","$2676.50","AO",""
"FALL 2025","","","","10/20/25","","","","602","$23613.85","AO",""
"FALL 2025","","","","10/21/25","","","","21","$764.51","AO",""
"FALL 2025","","","","10/22/25","","","","102","$2257.38","AO",""
"FALL 2025","","","","10/23/25","","","","11","$478.50","AO",""
"FALL 2025","","","","10/24/25","","","","4","$170.00","AO",""
"FALL 2025","","","","10/26/25","","","","903","$18373.75","AO",""
"FALL 2025","","","","10/27/25","","","","203","$4717.72","AO",""
"FALL 2025","","","","10/28/25","","","","96","$2443.50","AO",""
"FALL 2025","","","","10/29/25","","","","203","$4082.97","AO",""
"FALL 2025","","","","10/30/25","","","","28","$1016.50","AO",""
"FALL 2025","","","","10/31/25","","","","21","$597.50","AO",""
"FALL 2025","","","","11/03/25","","","","100","$3198.62","AO",""
"FALL 2025","","","","11/04/25","","","","37","$1342.50","AO",""
"FALL 2025","","","","11/05/25","","","","95","$2874.50","AO",""
"FALL 2025","","","","11/07/25","","","","25","$854.00","AO",""
"FALL 2025","","","","11/10/25","","","","372","$9126.11","AO",""
"FALL 2025","","","","11/11/25","","","","232","$7519.25","AO",""
"FALL 2025","","","","11/12/25","","","","171","$5142.90","AO",""
"FALL 2025","","","","11/13/25","","","","196","$6802.65","AO",""
"FALL 2025","","","","11/14/25","","","","77","$2048.20","AO",""
"FALL 2025","","","","11/15/25","","","","3","$103.50","AO",""
"FALL 2025","","","","11/16/25","","","","1","$39.50","AO",""
"FALL 2025","","","","11/17/25","","","","119","$3136.94","AO",""
"FALL 2025","","","","11/18/25","","","","61","$1710.45","AO",""
"FALL 2025","","","","11/19/25","","","","157","$6415.85","AO",""
"FALL 2025","","","","11/21/25","","","","121","$3802.20","AO",""
"FALL 2025","","","","11/22/25","","","","2","$95.00","AO",""
"FALL 2025","","","","11/23/25","","","","12","$479.00","AO",""
"FALL 2025","","","","11/24/25","","","","31","$1319.50","AO",""
"FALL 2025","","","","11/25/25","","","","160","$3841.23","AO",""
"FALL 2025","","","","11/26/25","","","","3","$94.50","AO",""
"FALL 2025","","","","11/28/25","","","","102","$4055.20","AO",""
"FALL 2025","","","","11/29/25","","","","9","$386.50","AO",""
"FALL 2025","","","","11/30/25","","","","273","$7961.85","AO",""
"FALL 2025","","","","12/01/25","","","","577","$16791.92","AO",""
"FALL 2025","","","","12/03/25","","","","119","$2532.95","AO",""
"FALL 2025","","","","12/04/25","","","","191","$5733.75","AO",""
"FALL 2025","","","","12/05/25","","","","45","$1125.10","AO",""
"FALL 2025","","","","12/06/25","","","","509","$8155.45","AO",""
"FALL 2025","","","","12/07/25","","","","10","$467.00","AO",""
"FALL 2025","","","","12/08/25","","","","204","$5277.25","AO",""
"FALL 2025","","","","12/09/25","","","","91","$2903.05","AO",""
"FALL 2025","","","","12/10/25","","","","104","$2592.15","AO",""
"FALL 2025","","","","12/11/25","","","","38","$1177.14","AO",""
"FALL 2025","","","","12/12/25","","","","117","$3190.75","AO",""
"FALL 2025","","","","12/13/25","","","","89","$2217.25","AO",""
"FALL 2025","","","","12/14/25","","","","129","$1981.87","AO",""
"FALL 2025","","","","12/15/25","","","","323","$6333.03","AO",""
"FALL 2025","","","","12/16/25","","","","212","$3922.53","AO",""
"FALL 2025","","","","12/17/25","","","","139","$3854.30","AO",""
"FALL 2025","","","","12/18/25","","","","82","$2361.77","AO",""
"FALL 2025","","","","12/19/25","","","","96","$934.00","AO",""
"FALL 2025","","","","12/20/25","","","","73","$780.80","AO",""
"FALL 2025","","","","12/21/25","","","","411","$11198.60","AO",""
"FALL 2025","","","","12/22/25","","","","122","$3075.24","AO",""
"FALL 2025","","","","12/23/25","","","","40","$151.74","AO",""
"FALL 2025","","","","12/24/25","","","","24","$1203.00","AO",""
"FALL 2025","","","","12/26/25","","","","52","$1486.35","AO",""
"FALL 2025","","","","12/27/25","","","","119","$3932.80","AO",""
"FALL 2025","","","","12/28/25","","","","73","$1170.10","AO",""
"FALL 2025","","","","12/29/25","","","","112","$1493.16","AO",""
"FALL 2025","","","","12/30/25","","","","165","$2323.45","AO",""
"FALL 2025","","","","12/31/25","","","","150","$2852.15","AO",""
"FALL 2025","","","","01/02/26","","","","37","$633.40","AO",""
"FALL 2025","","","","01/05/26","","","","2","$98.00","AO",""
"FALL 2025","","","","01/06/26","","","","7","$370.50","AO",""
"FALL 2025","","","","01/07/26","","","","9","$245.38","AO",""
"FALL 2025","","","","01/08/26","","","","1","$72.50","AO",""
"FALL 2025","","","","01/12/26","","","","13","$592.00","AO",""
"FALL 2025","","","","01/14/26","","","","3","$238.50","AO",""
"FALL 2025","","","","01/15/26","","","","36","$534.60","AO",""
"FALL 2025","","","","01/16/26","","","","1","$16.50","AO",""
"FALL 2025","","","","01/18/26","","","","23","$11.50","AO",""
"FALL 2025","","","","01/21/26","","","","19","$362.75","AO",""
"FALL 2025","","","","01/27/26","","","","30","$365.40","AO",""
"FALL 2025","","","","01/28/26","","","","1","$72.50","AO",""
"FALL 2025","","","","02/04/26","","","","1","$27.65","AO",""
"FALL 2025","","","","02/09/26","","","","1","$59.50","AO",""
"FALL 2025","","","","02/20/26","","","","7","$283.50","AO",""
"FALL 2025","","","","03/23/26","","","","44","$1318.10","AO",""
"FALL 2025","","","","","","","","20464","$511782.86","",""
"SUMMER 2024","","","","02/01/24","","","","11","$170.50","AO",""
"SUMMER 2024","","","","02/03/24","","","","45","$627.75","AO",""
"SUMMER 2024","","","","02/05/24","","","","31","$480.50","AO",""
"SUMMER 2024","","","","02/06/24","","","","232","$3879.00","AO",""
"SUMMER 2024","","","","02/11/24","","","","45","$1445.00","AO",""
"SUMMER 2024","","","","02/12/24","","","","105","$744.00","AO",""
"SUMMER 2024","","","","02/17/24","","","","159","$2437.50","AO",""
"SUMMER 2024","","","","02/28/24","","","","173","$3892.00","AO",""
"SUMMER 2024","","","","03/04/24","","","","763","$15421.50","AO",""
"SUMMER 2024","","","","03/05/24","","","","19","$643.46","AO",""
"SUMMER 2024","","","","03/06/24","","","","68","$1931.43","AO",""
"SUMMER 2024","","","","03/08/24","","","","114","$2458.70","AO",""
"SUMMER 2024","","","","03/09/24","","","","11","$181.50","AO",""
"SUMMER 2024","","","","03/11/24","","","","130","$2374.35","AO",""
"SUMMER 2024","","","","03/13/24","","","","243","$5288.00","AO",""
"SUMMER 2024","","","","03/20/24","","","","76","$1790.00","AO",""
"SUMMER 2024","","","","03/22/24","","","","45","$1810.00","AO",""
"SUMMER 2024","","","","03/27/24","","","","139","$2711.00","AO",""
"SUMMER 2024","","","","03/28/24","","","","19","$618.50","AO",""
"SUMMER 2024","","","","03/29/24","","","","32","$528.00","AO",""
"SUMMER 2024","","","","03/30/24","","","","18","$545.52","AO",""
"SUMMER 2024","","","","03/31/24","","","","35","$987.50","AO",""
"SUMMER 2024","","","","04/01/24","","","","29","$775.35","AO",""
"SUMMER 2024","","","","04/02/24","","","","277","$4010.90","AO",""
"SUMMER 2024","","","","04/03/24","","","","408","$10129.27","AO",""
"SUMMER 2024","","","","04/04/24","","","","46","$1163.50","AO",""
"SUMMER 2024","","","","04/05/24","","","","71","$1259.00","AO",""
"SUMMER 2024","","","","04/06/24","","","","39","$1281.00","AO",""
"SUMMER 2024","","","","04/07/24","","","","59","$1583.42","AO",""
"SUMMER 2024","","","","04/08/24","","","","181","$3357.00","AO",""
"SUMMER 2024","","","","04/09/24","","","","627","$10234.85","AO",""
"SUMMER 2024","","","","04/10/24","","","","46","$1099.00","AO",""
"SUMMER 2024","","","","04/11/24","","","","103","$6246.00","AO",""
"SUMMER 2024","","","","04/12/24","","","","18","$612.00","AO",""
"SUMMER 2024","","","","04/13/24","","","","68","$1690.50","AO",""
"SUMMER 2024","","","","04/14/24","","","","4","$123.50","AO",""
"SUMMER 2024","","","","04/16/24","","","","9","$195.00","AO",""
"SUMMER 2024","","","","04/18/24","","","","117","$2309.50","AO",""
"SUMMER 2024","","","","04/19/24","","","","144","$2446.20","AO",""
"SUMMER 2024","","","","04/22/24","","","","19","$303.00","AO",""
"SUMMER 2024","","","","04/24/24","","","","11","$313.50","AO",""
"SUMMER 2024","","","","04/26/24","","","","45","$1342.50","AO",""
"SUMMER 2024","","","","04/27/24","","","","10","$440.00","AO",""
"Summer 2024","","","","04/30/24","","","","40","$1076.00","AO",""
"SUMMER 2024","","","","05/01/24","","","","55","$1039.50","AO",""
"SUMMER 2024","","","","05/02/24","","","","94","$2801.07","AO",""
"SUMMER 2024","","","","05/03/24","","","","9","$201.00","AO",""
"SUMMER 2024","","","","05/04/24","","","","2","$63.00","AO",""
"SUMMER 2024","","","","05/05/24","","","","18","$569.50","AO",""
"SUMMER 2024","","","","05/06/24","","","","27","$414.45","AO",""
"SUMMER 2024","","","","05/07/24","","","","2","$0.00","AO",""
"SUMMER 2024","","","","05/08/24","","","","51","$1624.00","AO",""
"SUMMER 2024","","","","05/12/24","","","","67","$1824.00","AO",""
"SUMMER 2024","","","","05/13/24","","","","99","$1920.53","AO",""
"SUMMER 2024","","","","05/15/24","","","","8","$272.00","AO",""
"SUMMER 2024","","","","05/16/24","","","","11","$324.00","AO",""
"SUMMER 2024","","","","05/17/24","","","","34","$906.00","AO",""
"SUMMER 2024","","","","05/18/24","","","","12","$187.00","AO",""
"SUMMER 2024","","","","05/20/24","","","","81","$1974.65","AO",""
"SUMMER 2024","","","","05/21/24","","","","70","$1886.00","AO",""
"SUMMER 2024","","","","05/22/24","","","","11","$322.00","AO",""
"SUMMER 2024","","","","05/25/24","","","","44","$1589.00","AO",""
"SUMMER 2024","","","","05/28/24","","","","335","$6330.35","AO",""
"SUMMER 2024","","","","05/29/24","","","","36","$922.48","AO",""
"SUMMER 2024","","","","05/30/24","","","","87","$2600.50","AO",""
"SUMMER 2024","","","","05/31/24","","","","40","$1165.15","AO",""
"SUMMER 2024","","","","06/01/24","","","","17","$393.30","AO",""
"SUMMER 2024","","","","06/02/24","","","","12","$388.00","AO",""
"SUMMER 2024","","","","06/04/24","","","","81","$2529.00","AO",""
"SUMMER 2024","","","","06/05/24","","","","97","$2347.15","AO",""
"SUMMER 2024","","","","06/06/24","","","","362","$10068.50","AO",""
"SUMMER 2024","","","","06/07/24","","","","58","$1177.00","AO",""
"SUMMER 2024","","","","06/08/24","","","","112","$3206.99","AO",""
"SUMMER 2024","","","","06/09/24","","","","48","$1085.00","AO",""
"SUMMER 2024","","","","06/10/24","","","","3","$33.00","AO",""
"SUMMER 2024","","","","06/11/24","","","","230","$5808.50","AO",""
"SUMMER 2024","","","","06/12/24","","","","138","$2873.13","AO",""
"SUMMER 2024","","","","06/14/24","","","","23","$483.50","AO",""
"SUMMER 2024","","","","06/15/24","","","","86","$1902.50","AO",""
"SUMMER 2024","","","","06/17/24","","","","24","$709.00","AO",""
"SUMMER 2024","","","","06/18/24","","","","88","$1612.40","AO",""
"SUMMER 2024","","","","06/19/24","","","","14","$441.00","AO",""
"SUMMER 2024","","","","06/20/24","","","","338","$6569.00","AO",""
"SUMMER 2024","","","","06/21/24","","","","43","$684.45","AO",""
"SUMMER 2024","","","","06/22/24","","","","125","$2625.00","AO",""
"SUMMER 2024","","","","06/23/24","","","","78","$1558.50","AO",""
"SUMMER 2024","","","","06/24/24","","","","99","$2790.50","AO",""
"SUMMER 2024","","","","06/25/24","","","","187","$3982.00","AO",""
"SUMMER 2024","","","","06/26/24","","","","82","$1319.85","AO",""
"SUMMER 2024","","","","06/27/24","","","","60","$940.00","AO",""
"SUMMER 2024","","","","06/28/24","","","","12","$216.50","AO",""
"SUMMER 2024","","","","07/01/24","","","","119","$1854.55","AO",""
"SUMMER 2024","","","","07/02/24","","","","36","$922.30","AO",""
"SUMMER 2024","","","","07/03/24","","","","44","$500.00","AO",""
"SUMMER 2024","","","","07/05/24","","","","65","$833.80","AO",""
"SUMMER 2024","","","","07/06/24","","","","1","$26.50","AO",""
"SUMMER 2024","","","","07/07/24","","","","9","$148.50","AO",""
"SUMMER 2024","","","","07/08/24","","","","453","$9554.81","AO",""
"SUMMER 2024","","","","07/09/24","","","","21","$521.50","AO",""
"SUMMER 2024","","","","07/11/24","","","","22","$755.50","AO",""
"SUMMER 2024","","","","07/12/24","","","","36","$912.60","AO",""
"SUMMER 2024","","","","07/13/24","","","","53","$1123.10","AO",""
"SUMMER 2024","","","","07/16/24","","","","8","$297.00","AO",""
"SUMMER 2024","","","","07/17/24","","","","4","$113.50","AO",""
"SUMMER 2024","","","","07/18/24","","","","53","$1449.50","AO",""
"SUMMER 2024","","","","07/21/24","","","","1","$39.00","AO",""
"SUMMER 2024","","","","07/22/24","","","","16","$372.60","AO",""
"SUMMER 2024","","","","07/23/24","","","","56","$1097.00","AO",""
"SUMMER 2024","","","","07/27/24","","","","12","$198.00","AO",""
"SUMMER 2024","","","","07/29/24","","","","33","$511.50","AO",""
"SUMMER 2024","","","","09/15/24","","","","12","$2592.00","AO",""
"SUMMER 2024","","","","","","","","9548","$211459.91","",""
"SUMMER 2025","","","","02/02/25","","","","90","$3153.00","AO",""
"SUMMER 2025","","","","02/04/25","","","","68","$68.00","AO",""
"SUMMER 2025","","","","02/06/25","","","","341","$8222.71","AO",""
"SUMMER 2025","","","","02/11/25","","","","64","$1549.00","AO",""
"SUMMER 2025","","","","02/12/25","","","","1108","$18329.75","AO",""
"SUMMER 2025","","","","02/14/25","","","","35","$582.50","AO",""
"SUMMER 2025","","","","02/17/25","","","","61","$1433.10","AO",""
"SUMMER 2025","","","","02/21/25","","","","39","$945.50","AO",""
"SUMMER 2025","","","","02/24/25","","","","67","$1402.90","AO",""
"SUMMER 2025","","","","02/25/25","","","","205","$4051.00","AO",""
"SUMMER 2025","","","","02/26/25","","","","3","$100.50","AO",""
"SUMMER 2025","","","","02/28/25","","","","33","$561.00","AO",""
"SUMMER 2025","","","","03/02/25","","","","49","$1438.50","AO",""
"SUMMER 2025","","","","03/03/25","","","","210","$5836.00","AO",""
"SUMMER 2025","","","","03/04/25","","","","4","$150.00","AO",""
"SUMMER 2025","","","","03/05/25","","","","58","$1673.00","AO",""
"SUMMER 2025","","","","03/07/25","","","","205","$5090.50","AO",""
"SUMMER 2025","","","","03/08/25","","","","277","$5318.50","AO",""
"SUMMER 2025","","","","03/09/25","","","","35","$868.50","AO",""
"SUMMER 2025","","","","03/10/25","","","","106","$2572.00","AO",""
"SUMMER 2025","","","","03/11/25","","","","69","$1714.50","AO",""
"SUMMER 2025","","","","03/13/25","","","","74","$1837.00","AO",""
"SUMMER 2025","","","","03/14/25","","","","665","$6538.50","AO",""
"SUMMER 2025","","","","03/17/25","","","","45","$833.50","AO",""
"SUMMER 2025","","","","03/18/25","","","","207","$5930.50","AO",""
"SUMMER 2025","","","","03/19/25","","","","322","$4294.96","AO",""
"SUMMER 2025","","","","03/20/25","","","","12","$418.00","AO",""
"SUMMER 2025","","","","03/21/25","","","","44","$746.00","AO",""
"SUMMER 2025","","","","03/22/25","","","","91","$1863.75","AO",""
"SUMMER 2025","","","","03/24/25","","","","54","$817.50","AO",""
"SUMMER 2025","","","","03/26/25","","","","191","$5052.00","AO",""
"SUMMER 2025","","","","03/27/25","","","","17","$263.29","AO",""
"SUMMER 2025","","","","03/28/25","","","","50","$375.00","AO",""
"SUMMER 2025","","","","03/31/25","","","","88","$2077.00","AO",""
"SUMMER 2025","","","","04/01/25","","","","199","$4955.00","AO",""
"SUMMER 2025","","","","04/03/25","","","","359","$8845.50","AO",""
"SUMMER 2025","","","","04/04/25","","","","36","$468.00","AO",""
"SUMMER 2025","","","","04/05/25","","","","255","$4367.65","AO",""
"SUMMER 2025","","","","04/07/25","","","","302","$5738.40","AO",""
"SUMMER 2025","","","","04/08/25","","","","168","$2792.20","AO",""
"SUMMER 2025","","","","04/09/25","","","","35","$767.70","AO",""
"SUMMER 2025","","","","04/10/25","","","","589","$13321.95","AO",""
"SUMMER 2025","","","","04/12/25","","","","41","$971.50","AO",""
"SUMMER 2025","","","","04/13/25","","","","142","$1846.00","AO",""
"SUMMER 2025","","","","04/14/25","","","","308","$5385.00","AO",""
"SUMMER 2025","","","","04/15/25","","","","66","$1627.00","AO",""
"SUMMER 2025","","","","04/16/25","","","","94","$1541.08","AO",""
"SUMMER 2025","","","","04/17/25","","","","37","$481.00","AO",""
"SUMMER 2025","","","","04/18/25","","","","104","$1740.00","AO",""
"SUMMER 2025","","","","04/21/25","","","","126","$3035.62","AO",""
"SUMMER 2025","","","","04/22/25","","","","57","$1175.60","AO",""
"SUMMER 2025","","","","04/23/25","","","","401","$9513.40","AO",""
"SUMMER 2025","","","","04/25/25","","","","1","$40.95","AO",""
"SUMMER 2025","","","","04/27/25","","","","151","$3717.07","AO",""
"SUMMER 2025","","","","04/28/25","","","","91","$2088.65","AO",""
"SUMMER 2025","","","","04/29/25","","","","99","$2956.26","AO",""
"SUMMER 2025","","","","04/30/25","","","","350","$8448.33","AO",""
"SUMMER 2025","","","","05/02/25","","","","112","$2490.76","AO",""
"SUMMER 2025","","","","05/03/25","","","","2","$67.00","AO",""
"SUMMER 2025","","","","05/05/25","","","","24","$785.00","AO",""
"SUMMER 2025","","","","05/06/25","","","","297","$4943.43","AO",""
"SUMMER 2025","","","","05/07/25","","","","61","$769.50","AO",""
"SUMMER 2025","","","","05/08/25","","","","9","$238.50","AO",""
"SUMMER 2025","","","","05/09/25","","","","2","$81.00","AO",""
"SUMMER 2025","","","","05/12/25","","","","103","$2701.50","AO",""
"SUMMER 2025","","","","05/13/25","","","","59","$1442.00","AO",""
"SUMMER 2025","","","","05/14/25","","","","14","$469.00","AO",""
"SUMMER 2025","","","","05/15/25","","","","30","$853.00","AO",""
"SUMMER 2025","","","","05/16/25","","","","251","$4759.02","AO",""
"SUMMER 2025","","","","05/18/25","","","","71","$449.50","AO",""
"SUMMER 2025","","","","05/19/25","","","","470","$10817.15","AO",""
"SUMMER 2025","","","","05/20/25","","","","197","$4320.74","AO",""
"SUMMER 2025","","","","05/21/25","","","","74","$1595.70","AO",""
"SUMMER 2025","","","","05/22/25","","","","82","$2423.00","AO",""
"SUMMER 2025","","","","05/23/25","","","","24","$634.42","AO",""
"SUMMER 2025","","","","05/24/25","","","","97","$1928.50","AO",""
"SUMMER 2025","","","","05/25/25","","","","7","$115.50","AO",""
"SUMMER 2025","","","","05/26/25","","","","52","$866.00","AO",""
"SUMMER 2025","","","","05/27/25","","","","410","$9657.07","AO",""
"SUMMER 2025","","","","05/28/25","","","","607","$10626.35","AO",""
"SUMMER 2025","","","","05/29/25","","","","441","$8489.67","AO",""
"SUMMER 2025","","","","05/30/25","","","","93","$2324.80","AO",""
"SUMMER 2025","","","","05/31/25","","","","7","$169.50","AO",""
"SUMMER 2025","","","","06/02/25","","","","31","$930.50","AO",""
"SUMMER 2025","","","","06/03/25","","","","52","$1155.00","AO",""
"SUMMER 2025","","","","06/04/25","","","","6","$153.90","AO",""
"SUMMER 2025","","","","06/06/25","","","","27","$788.02","AO",""
"SUMMER 2025","","","","06/07/25","","","","8","$267.00","AO",""
"SUMMER 2025","","","","06/08/25","","","","13","$377.50","AO",""
"SUMMER 2025","","","","06/09/25","","","","138","$3274.00","AO",""
"SUMMER 2025","","","","06/10/25","","","","55","$1832.50","AO",""
"SUMMER 2025","","","","06/11/25","","","","164","$5163.20","AO",""
"SUMMER 2025","","","","06/12/25","","","","18","$535.00","AO",""
"SUMMER 2025","","","","06/13/25","","","","66","$2268.00","AO",""
"SUMMER 2025","","","","06/14/25","","","","121","$3131.50","AO",""
"SUMMER 2025","","","","06/15/25","","","","98","$3108.00","AO",""
"SUMMER 2025","","","","06/16/25","","","","26","$685.00","AO",""
"SUMMER 2025","","","","06/17/25","","","","424","$9031.70","AO",""
"SUMMER 2025","","","","06/18/25","","","","56","$1542.00","AO",""
"SUMMER 2025","","","","06/19/25","","","","15","$514.50","AO",""
"SUMMER 2025","","","","06/20/25","","","","20","$639.00","AO",""
"SUMMER 2025","","","","06/22/25","","","","13","$214.50","AO",""
"SUMMER 2025","","","","06/23/25","","","","172","$4593.50","AO",""
"SUMMER 2025","","","","06/24/25","","","","354","$5607.52","AO",""
"SUMMER 2025","","","","06/25/25","","","","23","$406.50","AO",""
"SUMMER 2025","","","","06/26/25","","","","186","$2884.00","AO",""
"SUMMER 2025","","","","06/27/25","","","","72","$1463.40","AO",""
"SUMMER 2025","","","","06/29/25","","","","45","$742.50","AO",""
"SUMMER 2025","","","","06/30/25","","","","237","$3528.35","AO",""
"SUMMER 2025","","","","07/01/25","","","","824","$14650.50","AO",""
"SUMMER 2025","","","","07/02/25","","","","412","$9955.58","AO",""
"SUMMER 2025","","","","07/03/25","","","","153","$2691.70","AO",""
"SUMMER 2025","","","","07/04/25","","","","24","$387.00","AO",""
"SUMMER 2025","","","","07/05/25","","","","177","$2763.36","AO",""
"SUMMER 2025","","","","07/06/25","","","","69","$1286.50","AO",""
"SUMMER 2025","","","","07/07/25","","","","197","$3820.98","AO",""
"SUMMER 2025","","","","07/08/25","","","","1019","$18330.80","AO",""
"SUMMER 2025","","","","07/10/25","","","","36","$630.00","AO",""
"SUMMER 2025","","","","07/11/25","","","","29","$600.52","AO",""
"SUMMER 2025","","","","07/13/25","","","","2","$73.00","AO",""
"SUMMER 2025","","","","07/14/25","","","","492","$9346.80","AO",""
"SUMMER 2025","","","","07/15/25","","","","227","$4112.40","AO",""
"SUMMER 2025","","","","07/16/25","","","","142","$2962.60","AO",""
"SUMMER 2025","","","","07/17/25","","","","84","$1006.60","AO",""
"SUMMER 2025","","","","07/18/25","","","","362","$7381.50","AO",""
"SUMMER 2025","","","","07/19/25","","","","52","$1243.90","AO",""
"SUMMER 2025","","","","07/21/25","","","","333","$4961.25","AO",""
"SUMMER 2025","","","","07/22/25","","","","182","$2487.80","AO",""
"SUMMER 2025","","","","07/23/25","","","","292","$5350.45","AO",""
"SUMMER 2025","","","","07/24/25","","","","132","$1707.30","AO",""
"SUMMER 2025","","","","07/26/25","","","","6","$84.35","AO",""
"SUMMER 2025","","","","07/28/25","","","","184","$3763.43","AO",""
"SUMMER 2025","","","","07/29/25","","","","39","$752.85","AO",""
"SUMMER 2025","","","","07/30/25","","","","17","$430.85","AO",""
"SUMMER 2025","","","","07/31/25","","","","41","$741.65","AO",""
"SUMMER 2025","","","","08/02/25","","","","2","$0.00","AO",""
"SUMMER 2025","","","","08/03/25","","","","24","$343.00","AO",""
"SUMMER 2025","","","","08/05/25","","","","28","$590.10","AO",""
"SUMMER 2025","","","","08/06/25","","","","71","$1075.55","AO",""
"SUMMER 2025","","","","08/07/25","","","","91","$1770.30","AO",""
"SUMMER 2025","","","","08/12/25","","","","193","$3014.55","AO",""
"SUMMER 2025","","","","08/18/25","","","","3","$53.55","AO",""
"SUMMER 2025","","","","08/19/25","","","","52","$1173.90","AO",""
"SUMMER 2025","","","","08/23/25","","","","34","$742.70","AO",""
"SUMMER 2025","","","","08/25/25","","","","22","$504.00","AO",""
"SUMMER 2025","","","","08/28/25","","","","1","$23.45","AO",""
"SUMMER 2025","","","","08/29/25","","","","36","$578.90","AO",""
"SUMMER 2025","","","","09/04/25","","","","10","$238.70","AO",""
"SUMMER 2025","","","","09/12/25","","","","34","$217.00","AO",""
"SUMMER 2025","","","","09/19/25","","","","39","$906.85","AO",""
"SUMMER 2025","","","","09/30/25","","","","48","$568.40","AO",""
"SUMMER 2025","","","","01/07/26","","","","48","$1272.00","AO",""
"Summer 2025","","","","01/21/26","","","","2","$57.40","AO",""
"SUMMER 2025","","","","","","","","21299","$425439.54","",""
"SUMMER 2026","","","","02/02/26","","","","101","$2168.55","AO",""
"SUMMER 2026","","","","02/04/26","","","","10","$365.75","AO",""
"SUMMER 2026","","","","02/05/26","","","","32","$1132.00","AO",""
"SUMMER 2026","","","","02/10/26","","","","136","$4073.85","AO",""
"SUMMER 2026","","","","02/11/26","","","","39","$1424.50","AO",""
"SUMMER 2026","","","","02/14/26","","","","4","$148.00","AO",""
"SUMMER 2026","","","","02/16/26","","","","53","$1060.20","AO",""
"SUMMER 2026","","","","02/17/26","","","","55","$1359.00","AO",""
"SUMMER 2026","","","","02/23/26","","","","337","$4983.75","AO",""
"SUMMER 2026","","","","02/27/26","","","","213","$6469.33","AO",""
"SUMMER 2026","","","","03/02/26","","","","9","$218.50","AO",""
"SUMMER 2026","","","","03/03/26","","","","62","$1078.90","AO",""
"SUMMER 2026","","","","03/04/26","","","","80","$1393.20","AO",""
"SUMMER 2026","","","","03/05/26","","","","72","$1069.20","AO",""
"SUMMER 2026","","","","03/06/26","","","","48","$1122.00","AO",""
"SUMMER 2026","","","","03/07/26","","","","129","$1858.50","AO",""
"SUMMER 2026","","","","03/08/26","","","","43","$1126.50","AO",""
"SUMMER 2026","","","","03/09/26","","","","39","$1113.25","AO",""
"SUMMER 2026","","","","03/10/26","","","","146","$2703.00","AO",""
"SUMMER 2026","","","","03/11/26","","","","160","$3455.50","AO",""
"SUMMER 2026","","","","03/13/26","","","","14","$360.50","AO",""
"SUMMER 2026","","","","03/16/26","","","","206","$5531.00","AO",""
"SUMMER 2026","","","","03/18/26","","","","104","$2742.00","AO",""
"SUMMER 2026","","","","03/19/26","","","","195","$4330.50","AO",""
"SUMMER 2026","","","","03/20/26","","","","14","$450.00","AO",""
"SUMMER 2026","","","","03/23/26","","","","99","$2315.50","AO",""
"SUMMER 2026","","","","03/24/26","","","","185","$3017.25","AO",""
"SUMMER 2026","","","","03/25/26","","","","498","$7222.50","AO",""
"SUMMER 2026","","","","03/27/26","","","","35","$1079.50","AO",""
"SUMMER 2026","","","","03/30/26","","","","430","$11993.95","AO",""
"SUMMER 2026","","","","04/01/26","","","","42","$1120.50","AO",""
"SUMMER 2026","","","","04/02/26","","","","226","$3356.10","AO",""
"SUMMER 2026","","","","04/03/26","","","","72","$1069.20","AO",""
"SUMMER 2026","","","","04/06/26","","","","126","$2907.90","AO",""
"SUMMER 2026","","","","04/07/26","","","","75","$1998.34","AO",""
"SUMMER 2026","","","","04/08/26","","","","80","$2636.00","AO",""
"SUMMER 2026","","","","04/09/26","","","","24","$880.00","AO",""
"SUMMER 2026","","","","04/10/26","","","","106","$3078.10","AO",""
"SUMMER 2026","","","","04/11/26","","","","29","$750.50","AO",""
"SUMMER 2026","","","","04/12/26","","","","51","$1647.50","AO",""
"SUMMER 2026","","","","04/13/26","","","","107","$2271.50","AO",""
"SUMMER 2026","","","","04/14/26","","","","28","$897.30","AO",""
"SUMMER 2026","","","","04/16/26","","","","175","$4377.00","AO",""
"SUMMER 2026","","","","04/17/26","","","","61","$1810.50","AO",""
"SUMMER 2026","","","","04/18/26","","","","7","$235.50","AO",""
"SUMMER 2026","","","","04/20/26","","","","6","$207.00","AO",""
"SUMMER 2026","","","","04/21/26","","","","20","$612.00","AO",""
"SUMMER 2026","","","","04/23/26","","","","54","$1628.10","AO",""
"SUMMER 2026","","","","04/24/26","","","","50","$1408.40","AO",""
"SUMMER 2026","","","","04/25/26","","","","29","$958.50","AO",""
"SUMMER 2026","","","","04/26/26","","","","9","$250.50","AO",""
"SUMMER 2026","","","","04/27/26","","","","296","$6787.55","AO",""
"SUMMER 2026","","","","04/28/26","","","","80","$2125.00","AO",""
"SUMMER 2026","","","","04/29/26","","","","35","$1123.50","AO",""
"SUMMER 2026","","","","04/30/26","","","","191","$2989.35","AO",""
"SUMMER 2026","","","","05/01/26","","","","54","$882.00","AO",""
"SUMMER 2026","","","","05/02/26","","","","21","$646.50","AO",""
"SUMMER 2026","","","","05/03/26","","","","3","$115.50","AO",""
"SUMMER 2026","","","","05/04/26","","","","2","$68.93","AO",""
"SUMMER 2026","","","","05/05/26","","","","40","$1070.64","AO",""
"SUMMER 2026","","","","05/06/26","","","","97","$2394.50","AO",""
"SUMMER 2026","","","","05/07/26","","","","59","$1037.50","AO",""
"SUMMER 2026","","","","05/08/26","","","","98","$2607.00","AO",""
"SUMMER 2026","","","","05/10/26","","","","64","$2354.00","AO",""
"SUMMER 2026","","","","05/11/26","","","","118","$2896.00","AO",""
"SUMMER 2026","","","","05/12/26","","","","42","$1205.00","AO",""
"SUMMER 2026","","","","05/13/26","","","","7","$241.50","AO",""
"SUMMER 2026","","","","05/14/26","","","","4","$54.67","AO",""
"SUMMER 2026","","","","05/15/26","","","","21","$462.15","AO",""
"SUMMER 2026","","","","","","","","6157","$140527.91","",""
"Total","","","","","","","","69414","$1660848.50","",""
